name,price,availability
A Light in the ...,£51.77,"
    
    
        In stock
    
"
Tipping the Velvet,£53.74,"
    
    
        In stock
    
"
Soumission,£50.10,"
    
    
        In stock
    
"
Sharp Objects,£47.82,"
    
    
        In stock
    
"
Sapiens: A Brief History ...,£54.23,"
    
    
        In stock
    
"
The Requiem Red,£22.65,"
    
    
        In stock
    
"
The Dirty Little Secrets ...,£33.34,"
    
    
        In stock
    
"
The Coming Woman: A ...,£17.93,"
    
    
        In stock
    
"
The Boys in the ...,£22.60,"
    
    
        In stock
    
"
The Black Maria,£52.15,"
    
    
        In stock
    
"
Starving Hearts (Triangular Trade ...,£13.99,"
    
    
        In stock
    
"
Shakespeare's Sonnets,£20.66,"
    
    
        In stock
    
"
Set Me Free,£17.46,"
    
    
        In stock
    
"
Scott Pilgrim's Precious Little ...,£52.29,"
    
    
        In stock
    
"
Rip it Up and ...,£35.02,"
    
    
        In stock
    
"
Our Band Could Be ...,£57.25,"
    
    
        In stock
    
"
Olio,£23.88,"
    
    
        In stock
    
"
Mesaerion: The Best Science ...,£37.59,"
    
    
        In stock
    
"
Libertarianism for Beginners,£51.33,"
    
    
        In stock
    
"
It's Only the Himalayas,£45.17,"
    
    
        In stock
    
"
name,price,availability
A Light in the ...,£51.77,"
    
    
        In stock
    
"
Tipping the Velvet,£53.74,"
    
    
        In stock
    
"
Soumission,£50.10,"
    
    
        In stock
    
"
Sharp Objects,£47.82,"
    
    
        In stock
    
"
Sapiens: A Brief History ...,£54.23,"
    
    
        In stock
    
"
The Requiem Red,£22.65,"
    
    
        In stock
    
"
The Dirty Little Secrets ...,£33.34,"
    
    
        In stock
    
"
The Coming Woman: A ...,£17.93,"
    
    
        In stock
    
"
The Boys in the ...,£22.60,"
    
    
        In stock
    
"
The Black Maria,£52.15,"
    
    
        In stock
    
"
Starving Hearts (Triangular Trade ...,£13.99,"
    
    
        In stock
    
"
Shakespeare's Sonnets,£20.66,"
    
    
        In stock
    
"
Set Me Free,£17.46,"
    
    
        In stock
    
"
Scott Pilgrim's Precious Little ...,£52.29,"
    
    
        In stock
    
"
Rip it Up and ...,£35.02,"
    
    
        In stock
    
"
Our Band Could Be ...,£57.25,"
    
    
        In stock
    
"
Olio,£23.88,"
    
    
        In stock
    
"
Mesaerion: The Best Science ...,£37.59,"
    
    
        In stock
    
"
Libertarianism for Beginners,£51.33,"
    
    
        In stock
    
"
It's Only the Himalayas,£45.17,"
    
    
        In stock
    
"
name,price,availability
A Light in the ...,£51.77,"
    
    
        In stock
    
"
Tipping the Velvet,£53.74,"
    
    
        In stock
    
"
Soumission,£50.10,"
    
    
        In stock
    
"
Sharp Objects,£47.82,"
    
    
        In stock
    
"
Sapiens: A Brief History ...,£54.23,"
    
    
        In stock
    
"
The Requiem Red,£22.65,"
    
    
        In stock
    
"
The Dirty Little Secrets ...,£33.34,"
    
    
        In stock
    
"
The Coming Woman: A ...,£17.93,"
    
    
        In stock
    
"
The Boys in the ...,£22.60,"
    
    
        In stock
    
"
The Black Maria,£52.15,"
    
    
        In stock
    
"
Starving Hearts (Triangular Trade ...,£13.99,"
    
    
        In stock
    
"
Shakespeare's Sonnets,£20.66,"
    
    
        In stock
    
"
Set Me Free,£17.46,"
    
    
        In stock
    
"
Scott Pilgrim's Precious Little ...,£52.29,"
    
    
        In stock
    
"
Rip it Up and ...,£35.02,"
    
    
        In stock
    
"
Our Band Could Be ...,£57.25,"
    
    
        In stock
    
"
Olio,£23.88,"
    
    
        In stock
    
"
Mesaerion: The Best Science ...,£37.59,"
    
    
        In stock
    
"
Libertarianism for Beginners,£51.33,"
    
    
        In stock
    
"
It's Only the Himalayas,£45.17,"
    
    
        In stock
    
"
name,price,availability
A Light in the ...,£51.77,"
    
    
        In stock
    
"
Tipping the Velvet,£53.74,"
    
    
        In stock
    
"
Soumission,£50.10,"
    
    
        In stock
    
"
Sharp Objects,£47.82,"
    
    
        In stock
    
"
Sapiens: A Brief History ...,£54.23,"
    
    
        In stock
    
"
The Requiem Red,£22.65,"
    
    
        In stock
    
"
The Dirty Little Secrets ...,£33.34,"
    
    
        In stock
    
"
The Coming Woman: A ...,£17.93,"
    
    
        In stock
    
"
The Boys in the ...,£22.60,"
    
    
        In stock
    
"
The Black Maria,£52.15,"
    
    
        In stock
    
"
Starving Hearts (Triangular Trade ...,£13.99,"
    
    
        In stock
    
"
Shakespeare's Sonnets,£20.66,"
    
    
        In stock
    
"
Set Me Free,£17.46,"
    
    
        In stock
    
"
Scott Pilgrim's Precious Little ...,£52.29,"
    
    
        In stock
    
"
Rip it Up and ...,£35.02,"
    
    
        In stock
    
"
Our Band Could Be ...,£57.25,"
    
    
        In stock
    
"
Olio,£23.88,"
    
    
        In stock
    
"
Mesaerion: The Best Science ...,£37.59,"
    
    
        In stock
    
"
Libertarianism for Beginners,£51.33,"
    
    
        In stock
    
"
It's Only the Himalayas,£45.17,"
    
    
        In stock
    
"
name,price,availability
A Light in the ...,£51.77,"
    
    
        In stock
    
"
Tipping the Velvet,£53.74,"
    
    
        In stock
    
"
Soumission,£50.10,"
    
    
        In stock
    
"
Sharp Objects,£47.82,"
    
    
        In stock
    
"
Sapiens: A Brief History ...,£54.23,"
    
    
        In stock
    
"
The Requiem Red,£22.65,"
    
    
        In stock
    
"
The Dirty Little Secrets ...,£33.34,"
    
    
        In stock
    
"
The Coming Woman: A ...,£17.93,"
    
    
        In stock
    
"
The Boys in the ...,£22.60,"
    
    
        In stock
    
"
The Black Maria,£52.15,"
    
    
        In stock
    
"
Starving Hearts (Triangular Trade ...,£13.99,"
    
    
        In stock
    
"
Shakespeare's Sonnets,£20.66,"
    
    
        In stock
    
"
Set Me Free,£17.46,"
    
    
        In stock
    
"
Scott Pilgrim's Precious Little ...,£52.29,"
    
    
        In stock
    
"
Rip it Up and ...,£35.02,"
    
    
        In stock
    
"
Our Band Could Be ...,£57.25,"
    
    
        In stock
    
"
Olio,£23.88,"
    
    
        In stock
    
"
Mesaerion: The Best Science ...,£37.59,"
    
    
        In stock
    
"
Libertarianism for Beginners,£51.33,"
    
    
        In stock
    
"
It's Only the Himalayas,£45.17,"
    
    
        In stock
    
"
In Her Wake,£12.84,"
    
    
        In stock
    
"
How Music Works,£37.32,"
    
    
        In stock
    
"
Foolproof Preserving: A Guide ...,£30.52,"
    
    
        In stock
    
"
Chase Me (Paris Nights ...,£25.27,"
    
    
        In stock
    
"
Black Dust,£34.53,"
    
    
        In stock
    
"
Birdsong: A Story in ...,£54.64,"
    
    
        In stock
    
"
America's Cradle of Quarterbacks: ...,£22.50,"
    
    
        In stock
    
"
Aladdin and His Wonderful ...,£53.13,"
    
    
        In stock
    
"
Worlds Elsewhere: Journeys Around ...,£40.30,"
    
    
        In stock
    
"
Wall and Piece,£44.18,"
    
    
        In stock
    
"
The Four Agreements: A ...,£17.66,"
    
    
        In stock
    
"
The Five Love Languages: ...,£31.05,"
    
    
        In stock
    
"
The Elephant Tree,£23.82,"
    
    
        In stock
    
"
The Bear and the ...,£36.89,"
    
    
        In stock
    
"
Sophie's World,£15.94,"
    
    
        In stock
    
"
Penny Maybe,£33.29,"
    
    
        In stock
    
"
Maude (1883-1993):She Grew Up ...,£18.02,"
    
    
        In stock
    
"
"In a Dark, Dark ...",£19.63,"
    
    
        In stock
    
"
Behind Closed Doors,£52.22,"
    
    
        In stock
    
"
You can't bury them ...,£33.63,"
    
    
        In stock
    
"
Slow States of Collapse: ...,£57.31,"
    
    
        In stock
    
"
Reasons to Stay Alive,£26.41,"
    
    
        In stock
    
"
Private Paris (Private #10),£47.61,"
    
    
        In stock
    
"
#HigherSelfie: Wake Up Your ...,£23.11,"
    
    
        In stock
    
"
Without Borders (Wanderlove #1),£45.07,"
    
    
        In stock
    
"
When We Collided,£31.77,"
    
    
        In stock
    
"
"We Love You, Charlie ...",£50.27,"
    
    
        In stock
    
"
Untitled Collection: Sabbath Poems ...,£14.27,"
    
    
        In stock
    
"
Unseen City: The Majesty ...,£44.18,"
    
    
        In stock
    
"
Unicorn Tracks,£18.78,"
    
    
        In stock
    
"
Unbound: How Eight Technologies ...,£25.52,"
    
    
        In stock
    
"
Tsubasa: WoRLD CHRoNiCLE 2 ...,£16.28,"
    
    
        In stock
    
"
Throwing Rocks at the ...,£31.12,"
    
    
        In stock
    
"
This One Summer,£19.49,"
    
    
        In stock
    
"
Thirst,£17.27,"
    
    
        In stock
    
"
The Torch Is Passed: ...,£19.09,"
    
    
        In stock
    
"
The Secret of Dreadwillow ...,£56.13,"
    
    
        In stock
    
"
The Pioneer Woman Cooks: ...,£56.41,"
    
    
        In stock
    
"
The Past Never Ends,£56.50,"
    
    
        In stock
    
"
The Natural History of ...,£45.22,"
    
    
        In stock
    
"
The Nameless City (The ...,£38.16,"
    
    
        In stock
    
"
The Murder That Never ...,£54.11,"
    
    
        In stock
    
"
The Most Perfect Thing: ...,£42.96,"
    
    
        In stock
    
"
The Mindfulness and Acceptance ...,£23.89,"
    
    
        In stock
    
"
The Life-Changing Magic of ...,£16.77,"
    
    
        In stock
    
"
The Inefficiency Assassin: Time ...,£20.59,"
    
    
        In stock
    
"
The Gutsy Girl: Escapades ...,£37.13,"
    
    
        In stock
    
"
The Electric Pencil: Drawings ...,£56.06,"
    
    
        In stock
    
"
The Death of Humanity: ...,£58.11,"
    
    
        In stock
    
"
The Bulletproof Diet: Lose ...,£49.05,"
    
    
        In stock
    
"
The Art Forger,£40.76,"
    
    
        In stock
    
"
The Age of Genius: ...,£19.73,"
    
    
        In stock
    
"
The Activist's Tao Te ...,£32.24,"
    
    
        In stock
    
"
Spark Joy: An Illustrated ...,£41.83,"
    
    
        In stock
    
"
Soul Reader,£39.58,"
    
    
        In stock
    
"
Security,£39.25,"
    
    
        In stock
    
"
"Saga, Volume 6 (Saga ...",£25.02,"
    
    
        In stock
    
"
"Saga, Volume 5 (Saga ...",£51.04,"
    
    
        In stock
    
"
Reskilling America: Learning to ...,£19.83,"
    
    
        In stock
    
"
"Rat Queens, Vol. 3: ...",£50.40,"
    
    
        In stock
    
"
"Princess Jellyfish 2-in-1 Omnibus, ...",£13.61,"
    
    
        In stock
    
"
Princess Between Worlds (Wide-Awake ...,£13.34,"
    
    
        In stock
    
"
"Pop Gun War, Volume ...",£18.97,"
    
    
        In stock
    
"
"Political Suicide: Missteps, Peccadilloes, ...",£36.28,"
    
    
        In stock
    
"
Patience,£10.16,"
    
    
        In stock
    
"
"Outcast, Vol. 1: A ...",£15.44,"
    
    
        In stock
    
"
orange: The Complete Collection ...,£48.41,"
    
    
        In stock
    
"
Online Marketing for Busy ...,£46.35,"
    
    
        In stock
    
"
On a Midnight Clear,£14.07,"
    
    
        In stock
    
"
Obsidian (Lux #1),£14.86,"
    
    
        In stock
    
"
My Paris Kitchen: Recipes ...,£33.37,"
    
    
        In stock
    
"
Masks and Shadows,£56.40,"
    
    
        In stock
    
"
Mama Tried: Traditional Italian ...,£14.02,"
    
    
        In stock
    
"
"Lumberjanes, Vol. 2: Friendship ...",£46.91,"
    
    
        In stock
    
"
"Lumberjanes, Vol. 1: Beware ...",£45.61,"
    
    
        In stock
    
"
Lumberjanes Vol. 3: A ...,£19.92,"
    
    
        In stock
    
"
"Layered: Baking, Building, and ...",£40.11,"
    
    
        In stock
    
"
Judo: Seven Steps to ...,£53.90,"
    
    
        In stock
    
"
Join,£35.67,"
    
    
        In stock
    
"
In the Country We ...,£22.00,"
    
    
        In stock
    
"
Immunity: How Elie Metchnikoff ...,£57.36,"
    
    
        In stock
    
"
"I Hate Fairyland, Vol. ...",£29.17,"
    
    
        In stock
    
"
I am a Hero ...,£54.63,"
    
    
        In stock
    
"
How to Be Miserable: ...,£46.03,"
    
    
        In stock
    
"
Her Backup Boyfriend (The ...,£33.97,"
    
    
        In stock
    
"
"Giant Days, Vol. 2 ...",£22.11,"
    
    
        In stock
    
"
Forever and Forever: The ...,£29.69,"
    
    
        In stock
    
"
First and First (Five ...,£15.97,"
    
    
        In stock
    
"
Fifty Shades Darker (Fifty ...,£21.96,"
    
    
        In stock
    
"
Everydata: The Misinformation Hidden ...,£54.35,"
    
    
        In stock
    
"
Don't Be a Jerk: ...,£37.97,"
    
    
        In stock
    
"
Danganronpa Volume 1,£51.99,"
    
    
        In stock
    
"
Crown of Midnight (Throne ...,£43.29,"
    
    
        In stock
    
"
"Codename Baboushka, Volume 1: ...",£36.72,"
    
    
        In stock
    
"
Camp Midnight,£17.08,"
    
    
        In stock
    
"
Call the Nurse: True ...,£29.14,"
    
    
        In stock
    
"
Burning,£28.81,"
    
    
        In stock
    
"
Bossypants,£49.46,"
    
    
        In stock
    
"
"Bitch Planet, Vol. 1: ...",£37.92,"
    
    
        In stock
    
"
Avatar: The Last Airbender: ...,£28.09,"
    
    
        In stock
    
"
Algorithms to Live By: ...,£30.81,"
    
    
        In stock
    
"
A World of Flavor: ...,£42.95,"
    
    
        In stock
    
"
"A Piece of Sky, ...",£56.76,"
    
    
        In stock
    
"
A Murder in Time,£16.64,"
    
    
        In stock
    
"
A Flight of Arrows ...,£55.53,"
    
    
        In stock
    
"
A Fierce and Subtle ...,£28.13,"
    
    
        In stock
    
"
A Court of Thorns ...,£52.37,"
    
    
        In stock
    
"
(Un)Qualified: How God Uses ...,£54.00,"
    
    
        In stock
    
"
You Are What You ...,£21.87,"
    
    
        In stock
    
"
William Shakespeare's Star Wars: ...,£43.30,"
    
    
        In stock
    
"
Tuesday Nights in 1980,£21.04,"
    
    
        In stock
    
"
Tracing Numbers on a ...,£41.60,"
    
    
        In stock
    
"
Throne of Glass (Throne ...,£35.07,"
    
    
        In stock
    
"
Thomas Jefferson and the ...,£59.64,"
    
    
        In stock
    
"
Thirteen Reasons Why,£52.72,"
    
    
        In stock
    
"
The White Cat and ...,£58.08,"
    
    
        In stock
    
"
The Wedding Dress,£24.12,"
    
    
        In stock
    
"
The Vacationers,£42.15,"
    
    
        In stock
    
"
The Third Wave: An ...,£12.61,"
    
    
        In stock
    
"
The Stranger,£17.44,"
    
    
        In stock
    
"
The Shadow Hero (The ...,£33.14,"
    
    
        In stock
    
"
The Secret (The Secret ...,£27.37,"
    
    
        In stock
    
"
The Regional Office Is ...,£51.36,"
    
    
        In stock
    
"
The Psychopath Test: A ...,£36.00,"
    
    
        In stock
    
"
The Project,£10.65,"
    
    
        In stock
    
"
The Power of Now: ...,£43.54,"
    
    
        In stock
    
"
The Omnivore's Dilemma: A ...,£38.21,"
    
    
        In stock
    
"
The Nerdy Nummies Cookbook: ...,£37.34,"
    
    
        In stock
    
"
The Murder of Roger ...,£44.10,"
    
    
        In stock
    
"
The Mistake (Off-Campus #2),£43.29,"
    
    
        In stock
    
"
The Matchmaker's Playbook (Wingmen ...,£55.85,"
    
    
        In stock
    
"
The Love and Lemons ...,£37.60,"
    
    
        In stock
    
"
The Long Shadow of ...,£10.97,"
    
    
        In stock
    
"
The Kite Runner,£41.82,"
    
    
        In stock
    
"
The House by the ...,£36.95,"
    
    
        In stock
    
"
The Glittering Court (The ...,£44.28,"
    
    
        In stock
    
"
The Girl on the ...,£55.02,"
    
    
        In stock
    
"
The Genius of Birds,£17.24,"
    
    
        In stock
    
"
The Emerald Mystery,£23.15,"
    
    
        In stock
    
"
The Cookies & Cups ...,£41.25,"
    
    
        In stock
    
"
The Bridge to Consciousness: ...,£32.00,"
    
    
        In stock
    
"
The Artist's Way: A ...,£38.49,"
    
    
        In stock
    
"
The Art of War,£33.34,"
    
    
        In stock
    
"
The Argonauts,£10.93,"
    
    
        In stock
    
"
The 10% Entrepreneur: Live ...,£27.55,"
    
    
        In stock
    
"
Suddenly in Love (Lake ...,£55.99,"
    
    
        In stock
    
"
Something More Than This,£16.24,"
    
    
        In stock
    
"
Soft Apocalypse,£26.12,"
    
    
        In stock
    
"
So You've Been Publicly ...,£12.23,"
    
    
        In stock
    
"
Shoe Dog: A Memoir ...,£23.99,"
    
    
        In stock
    
"
"Shobu Samurai, Project Aryoku ...",£29.06,"
    
    
        In stock
    
"
Secrets and Lace (Fatal ...,£20.27,"
    
    
        In stock
    
"
Scarlett Epstein Hates It ...,£43.55,"
    
    
        In stock
    
"
Romero and Juliet: A ...,£36.94,"
    
    
        In stock
    
"
Redeeming Love,£20.47,"
    
    
        In stock
    
"
Poses for Artists Volume ...,£41.06,"
    
    
        In stock
    
"
Poems That Make Grown ...,£14.19,"
    
    
        In stock
    
"
"Nightingale, Sing",£38.28,"
    
    
        In stock
    
"
Night Sky with Exit ...,£41.05,"
    
    
        In stock
    
"
Mrs. Houdini,£30.25,"
    
    
        In stock
    
"
Modern Romance,£28.26,"
    
    
        In stock
    
"
Miss Peregrine’s Home for ...,£10.76,"
    
    
        In stock
    
"
Louisa: The Extraordinary Life ...,£16.85,"
    
    
        In stock
    
"
Little Red,£13.47,"
    
    
        In stock
    
"
Library of Souls (Miss ...,£48.56,"
    
    
        In stock
    
"
Large Print Heart of ...,£19.15,"
    
    
        In stock
    
"
I Had a Nice ...,£57.36,"
    
    
        In stock
    
"
Hollow City (Miss Peregrine’s ...,£42.98,"
    
    
        In stock
    
"
Grumbles,£22.16,"
    
    
        In stock
    
"
Full Moon over Noah’s ...,£49.43,"
    
    
        In stock
    
"
Frostbite (Vampire Academy #2),£29.99,"
    
    
        In stock
    
"
Follow You Home,£21.36,"
    
    
        In stock
    
"
First Steps for New ...,£29.00,"
    
    
        In stock
    
"
Finders Keepers (Bill Hodges ...,£53.53,"
    
    
        In stock
    
"
"Fables, Vol. 1: Legends ...",£41.62,"
    
    
        In stock
    
"
Eureka Trivia 6.0,£54.59,"
    
    
        In stock
    
"
Drive: The Surprising Truth ...,£34.95,"
    
    
        In stock
    
"
Done Rubbed Out (Reightman ...,£37.72,"
    
    
        In stock
    
"
Doing It Over (Most ...,£35.61,"
    
    
        In stock
    
"
Deliciously Ella Every Day: ...,£42.16,"
    
    
        In stock
    
"
Dark Notes,£19.19,"
    
    
        In stock
    
"
Daring Greatly: How the ...,£19.43,"
    
    
        In stock
    
"
Close to You,£49.46,"
    
    
        In stock
    
"
Chasing Heaven: What Dying ...,£37.80,"
    
    
        In stock
    
"
Big Magic: Creative Living ...,£30.80,"
    
    
        In stock
    
"
Becoming Wise: An Inquiry ...,£27.43,"
    
    
        In stock
    
"
Beauty Restored (Riley Family ...,£11.11,"
    
    
        In stock
    
"
Batman: The Long Halloween ...,£36.50,"
    
    
        In stock
    
"
Batman: The Dark Knight ...,£15.38,"
    
    
        In stock
    
"
Ayumi's Violin,£15.48,"
    
    
        In stock
    
"
Anonymous,£46.82,"
    
    
        In stock
    
"
Amy Meets the Saints ...,£18.46,"
    
    
        In stock
    
"
Amid the Chaos,£36.58,"
    
    
        In stock
    
"
Amatus,£50.54,"
    
    
        In stock
    
"
Agnostic: A Spirited Manifesto,£12.51,"
    
    
        In stock
    
"
Zealot: The Life and ...,£24.70,"
    
    
        In stock
    
"
You (You #1),£43.61,"
    
    
        In stock
    
"
"Wonder Woman: Earth One, ...",£37.34,"
    
    
        In stock
    
"
Wild Swans,£14.36,"
    
    
        In stock
    
"
Why the Right Went ...,£52.65,"
    
    
        In stock
    
"
Whole Lotta Creativity Going ...,£38.20,"
    
    
        In stock
    
"
What's It Like in ...,£19.60,"
    
    
        In stock
    
"
"We Are Robin, Vol. ...",£53.90,"
    
    
        In stock
    
"
Walt Disney's Alice in ...,£12.96,"
    
    
        In stock
    
"
V for Vendetta (V ...,£37.10,"
    
    
        In stock
    
"
Until Friday Night (The ...,£46.31,"
    
    
        In stock
    
"
Unbroken: A World War ...,£45.95,"
    
    
        In stock
    
"
Twenty Yawns,£22.08,"
    
    
        In stock
    
"
Through the Woods,£25.38,"
    
    
        In stock
    
"
This Is Where It ...,£27.12,"
    
    
        In stock
    
"
The Year of Magical ...,£43.04,"
    
    
        In stock
    
"
The Wright Brothers,£56.80,"
    
    
        In stock
    
"
The White Queen (The ...,£25.91,"
    
    
        In stock
    
"
The Wedding Pact (The ...,£32.61,"
    
    
        In stock
    
"
The Time Keeper,£27.88,"
    
    
        In stock
    
"
The Testament of Mary,£52.67,"
    
    
        In stock
    
"
The Star-Touched Queen,£46.02,"
    
    
        In stock
    
"
The Songs of the ...,£44.48,"
    
    
        In stock
    
"
The Song of Achilles,£37.40,"
    
    
        In stock
    
"
The Rosie Project (Don ...,£54.04,"
    
    
        In stock
    
"
The Power of Habit: ...,£16.88,"
    
    
        In stock
    
"
The Marriage of Opposites,£28.08,"
    
    
        In stock
    
"
The Lucifer Effect: Understanding ...,£10.40,"
    
    
        In stock
    
"
The Long Haul (Diary ...,£44.07,"
    
    
        In stock
    
"
The Loney,£23.40,"
    
    
        In stock
    
"
The Literature Book (Big ...,£17.43,"
    
    
        In stock
    
"
The Last Mile (Amos ...,£54.21,"
    
    
        In stock
    
"
The Immortal Life of ...,£40.67,"
    
    
        In stock
    
"
The Hidden Oracle (The ...,£52.26,"
    
    
        In stock
    
"
The Help Yourself Cookbook ...,£28.77,"
    
    
        In stock
    
"
The Guilty (Will Robie ...,£13.82,"
    
    
        In stock
    
"
The First Hostage (J.B. ...,£25.85,"
    
    
        In stock
    
"
The Dovekeepers,£48.78,"
    
    
        In stock
    
"
The Darkest Lie,£35.35,"
    
    
        In stock
    
"
The Bane Chronicles (The ...,£44.73,"
    
    
        In stock
    
"
The Bad-Ass Librarians of ...,£15.77,"
    
    
        In stock
    
"
The 14th Colony (Cotton ...,£39.24,"
    
    
        In stock
    
"
That Darkness (Gardiner and ...,£13.92,"
    
    
        In stock
    
"
Tastes Like Fear (DI ...,£10.69,"
    
    
        In stock
    
"
Take Me with You,£45.21,"
    
    
        In stock
    
"
Swell: A Year of ...,£45.58,"
    
    
        In stock
    
"
Superman Vol. 1: Before ...,£11.89,"
    
    
        In stock
    
"
Still Life with Bread ...,£26.41,"
    
    
        In stock
    
"
Steve Jobs,£39.50,"
    
    
        In stock
    
"
Sorting the Beef from ...,£44.74,"
    
    
        In stock
    
"
Someone Like You (The ...,£52.79,"
    
    
        In stock
    
"
"So Cute It Hurts!!, ...",£35.43,"
    
    
        In stock
    
"
Shtum,£55.84,"
    
    
        In stock
    
"
See America: A Celebration ...,£48.87,"
    
    
        In stock
    
"
salt.,£46.78,"
    
    
        In stock
    
"
Robin War,£47.82,"
    
    
        In stock
    
"
"Red Hood/Arsenal, Vol. 1: ...",£25.48,"
    
    
        In stock
    
"
Rain Fish,£23.57,"
    
    
        In stock
    
"
Quarter Life Poetry: Poems ...,£50.89,"
    
    
        In stock
    
"
Pet Sematary,£10.56,"
    
    
        In stock
    
"
"Overload: How to Unplug, ...",£52.15,"
    
    
        In stock
    
"
Once Was a Time,£18.28,"
    
    
        In stock
    
"
Old School (Diary of ...,£11.83,"
    
    
        In stock
    
"
No Dream Is Too ...,£21.95,"
    
    
        In stock
    
"
"Naruto (3-in-1 Edition), Vol. ...",£38.39,"
    
    
        In stock
    
"
My Name Is Lucy ...,£41.56,"
    
    
        In stock
    
"
My Mrs. Brown,£24.48,"
    
    
        In stock
    
"
My Kind of Crazy,£40.36,"
    
    
        In stock
    
"
Mr. Mercedes (Bill Hodges ...,£28.90,"
    
    
        In stock
    
"
More Than Music (Chasing ...,£37.61,"
    
    
        In stock
    
"
Made to Stick: Why ...,£38.85,"
    
    
        In stock
    
"
Luis Paints the World,£53.95,"
    
    
        In stock
    
"
Luckiest Girl Alive,£49.83,"
    
    
        In stock
    
"
Lowriders to the Center ...,£51.51,"
    
    
        In stock
    
"
Love Is a Mix ...,£18.03,"
    
    
        In stock
    
"
Looking for Lovely: Collecting ...,£29.14,"
    
    
        In stock
    
"
Living Leadership by Insight: ...,£46.91,"
    
    
        In stock
    
"
Let It Out: A ...,£26.79,"
    
    
        In stock
    
"
Lady Midnight (The Dark ...,£16.28,"
    
    
        In stock
    
"
"It's All Easy: Healthy, ...",£19.55,"
    
    
        In stock
    
"
Island of Dragons (Unwanteds ...,£29.65,"
    
    
        In stock
    
"
I Know What I'm ...,£25.98,"
    
    
        In stock
    
"
I Am Pilgrim (Pilgrim ...,£10.60,"
    
    
        In stock
    
"
Hyperbole and a Half: ...,£14.75,"
    
    
        In stock
    
"
"Hush, Hush (Hush, Hush ...",£47.02,"
    
    
        In stock
    
"
Hold Your Breath (Search ...,£28.82,"
    
    
        In stock
    
"
Hamilton: The Revolution,£58.79,"
    
    
        In stock
    
"
Greek Mythic History,£10.23,"
    
    
        In stock
    
"
God: The Most Unpleasant ...,£30.03,"
    
    
        In stock
    
"
Glory over Everything: Beyond ...,£45.84,"
    
    
        In stock
    
"
Feathers: Displays of Brilliant ...,£49.05,"
    
    
        In stock
    
"
Far & Away: Places ...,£15.06,"
    
    
        In stock
    
"
Every Last Word,£46.47,"
    
    
        In stock
    
"
Eligible (The Austen Project ...,£27.09,"
    
    
        In stock
    
"
El Deafo,£57.62,"
    
    
        In stock
    
"
Eight Hundred Grapes,£14.39,"
    
    
        In stock
    
"
Eaternity: More than 150 ...,£51.75,"
    
    
        In stock
    
"
"Eat Fat, Get Thin",£54.07,"
    
    
        In stock
    
"
Don't Get Caught,£55.35,"
    
    
        In stock
    
"
Doctor Sleep (The Shining ...,£40.12,"
    
    
        In stock
    
"
Demigods & Magicians: Percy ...,£37.51,"
    
    
        In stock
    
"
Dear Mr. Knightley,£11.21,"
    
    
        In stock
    
"
Daily Fantasy Sports,£36.58,"
    
    
        In stock
    
"
Crazy Love: Overwhelmed by ...,£47.72,"
    
    
        In stock
    
"
Cometh the Hour (The ...,£25.01,"
    
    
        In stock
    
"
Code Name Verity (Code ...,£22.13,"
    
    
        In stock
    
"
Clockwork Angel (The Infernal ...,£44.14,"
    
    
        In stock
    
"
City of Glass (The ...,£56.02,"
    
    
        In stock
    
"
City of Fallen Angels ...,£11.23,"
    
    
        In stock
    
"
City of Bones (The ...,£43.28,"
    
    
        In stock
    
"
City of Ashes (The ...,£47.27,"
    
    
        In stock
    
"
Cell,£20.29,"
    
    
        In stock
    
"
Catching Jordan (Hundred Oaks),£50.83,"
    
    
        In stock
    
"
"Carry On, Warrior: Thoughts ...",£31.85,"
    
    
        In stock
    
"
Carrie,£46.23,"
    
    
        In stock
    
"
Buying In: The Secret ...,£37.80,"
    
    
        In stock
    
"
Brain on Fire: My ...,£49.32,"
    
    
        In stock
    
"
Batman: Europa,£32.01,"
    
    
        In stock
    
"
Barefoot Contessa Back to ...,£28.01,"
    
    
        In stock
    
"
Barefoot Contessa at Home: ...,£50.62,"
    
    
        In stock
    
"
Balloon Animals,£17.03,"
    
    
        In stock
    
"
Art Ops Vol. 1,£48.80,"
    
    
        In stock
    
"
Aristotle and Dante Discover ...,£58.14,"
    
    
        In stock
    
"
Angels Walking (Angels Walking ...,£34.20,"
    
    
        In stock
    
"
Angels & Demons (Robert ...,£51.48,"
    
    
        In stock
    
"
All the Light We ...,£29.87,"
    
    
        In stock
    
"
Adulthood Is a Myth: ...,£10.90,"
    
    
        In stock
    
"
Abstract City,£56.37,"
    
    
        In stock
    
"
A Time of Torment ...,£48.35,"
    
    
        In stock
    
"
A Study in Scarlet ...,£16.73,"
    
    
        In stock
    
"
A Series of Catastrophes ...,£56.48,"
    
    
        In stock
    
"
A People's History of ...,£40.79,"
    
    
        In stock
    
"
A Man Called Ove,£39.72,"
    
    
        In stock
    
"
A Distant Mirror: The ...,£14.58,"
    
    
        In stock
    
"
A Brush of Wings ...,£55.51,"
    
    
        In stock
    
"
1491: New Revelations of ...,£21.80,"
    
    
        In stock
    
"
"The Three Searches, Meaning, ...",£13.33,"
    
    
        In stock
    
"
Searching for Meaning in ...,£38.73,"
    
    
        In stock
    
"
Rook,£37.86,"
    
    
        In stock
    
"
My Kitchen Year: 136 ...,£11.53,"
    
    
        In stock
    
"
13 Hours: The Inside ...,£27.06,"
    
    
        In stock
    
"
Will You Won't You ...,£13.86,"
    
    
        In stock
    
"
Tipping Point for Planet ...,£37.55,"
    
    
        In stock
    
"
The Star-Touched Queen,£32.30,"
    
    
        In stock
    
"
The Silent Sister (Riley ...,£46.29,"
    
    
        In stock
    
"
The Midnight Watch: A ...,£26.20,"
    
    
        In stock
    
"
The Lonely City: Adventures ...,£33.26,"
    
    
        In stock
    
"
The Gray Rhino: How ...,£59.15,"
    
    
        In stock
    
"
The Golden Condom: And ...,£39.43,"
    
    
        In stock
    
"
The Epidemic (The Program ...,£14.44,"
    
    
        In stock
    
"
The Dinner Party,£56.54,"
    
    
        In stock
    
"
The Diary of a ...,£59.90,"
    
    
        In stock
    
"
The Children,£11.88,"
    
    
        In stock
    
"
Stars Above (The Lunar ...,£48.05,"
    
    
        In stock
    
"
Snatched: How A Drug ...,£21.21,"
    
    
        In stock
    
"
Raspberry Pi Electronics Projects ...,£49.67,"
    
    
        In stock
    
"
Quench Your Own Thirst: ...,£43.14,"
    
    
        In stock
    
"
Psycho: Sanitarium (Psycho #1.5),£36.97,"
    
    
        In stock
    
"
Poisonous (Max Revere Novels ...,£26.80,"
    
    
        In stock
    
"
One with You (Crossfire ...,£15.71,"
    
    
        In stock
    
"
No Love Allowed (Dodge ...,£54.65,"
    
    
        In stock
    
"
Murder at the 42nd ...,£54.36,"
    
    
        In stock
    
"
Most Wanted,£35.28,"
    
    
        In stock
    
"
"Love, Lies and Spies",£20.55,"
    
    
        In stock
    
"
How to Speak Golf: ...,£58.32,"
    
    
        In stock
    
"
Hide Away (Eve Duncan ...,£11.84,"
    
    
        In stock
    
"
Furiously Happy: A Funny ...,£41.46,"
    
    
        In stock
    
"
Everyday Italian: 125 Simple ...,£20.10,"
    
    
        In stock
    
"
Equal Is Unfair: America's ...,£56.86,"
    
    
        In stock
    
"
Eleanor & Park,£56.51,"
    
    
        In stock
    
"
Dirty (Dive Bar #1),£40.83,"
    
    
        In stock
    
"
Can You Keep a ...,£48.64,"
    
    
        In stock
    
"
Boar Island (Anna Pigeon ...,£59.48,"
    
    
        In stock
    
"
A Paris Apartment,£39.01,"
    
    
        In stock
    
"
A la Mode: 120 ...,£38.77,"
    
    
        In stock
    
"
Troublemaker: Surviving Hollywood and ...,£48.39,"
    
    
        In stock
    
"
The Widow,£27.26,"
    
    
        In stock
    
"
The Sleep Revolution: Transforming ...,£11.68,"
    
    
        In stock
    
"
The Improbability of Love,£59.45,"
    
    
        In stock
    
"
The Art of Startup ...,£21.00,"
    
    
        In stock
    
"
Take Me Home Tonight ...,£53.98,"
    
    
        In stock
    
"
Sleeping Giants (Themis Files ...,£48.74,"
    
    
        In stock
    
"
Setting the World on ...,£21.15,"
    
    
        In stock
    
"
Playing with Fire,£13.71,"
    
    
        In stock
    
"
Off the Hook (Fishing ...,£47.67,"
    
    
        In stock
    
"
Mothering Sunday,£13.34,"
    
    
        In stock
    
"
"Mother, Can You Not?",£16.89,"
    
    
        In stock
    
"
M Train,£27.18,"
    
    
        In stock
    
"
Lilac Girls,£17.28,"
    
    
        In stock
    
"
Lies and Other Acts ...,£45.14,"
    
    
        In stock
    
"
Lab Girl,£40.85,"
    
    
        In stock
    
"
Keep Me Posted,£20.46,"
    
    
        In stock
    
"
It Didn't Start with ...,£56.27,"
    
    
        In stock
    
"
Grey (Fifty Shades #4),£48.49,"
    
    
        In stock
    
"
"Exit, Pursued by a ...",£51.34,"
    
    
        In stock
    
"
Daredevils,£16.34,"
    
    
        In stock
    
"
Cravings: Recipes for What ...,£20.50,"
    
    
        In stock
    
"
Born for This: How ...,£21.59,"
    
    
        In stock
    
"
Arena,£21.36,"
    
    
        In stock
    
"
Adultery,£20.88,"
    
    
        In stock
    
"
A Mother's Reckoning: Living ...,£19.53,"
    
    
        In stock
    
"
A Gentleman's Position (Society ...,£14.75,"
    
    
        In stock
    
"
11/22/63,£48.48,"
    
    
        In stock
    
"
10% Happier: How I ...,£24.57,"
    
    
        In stock
    
"
10-Day Green Smoothie Cleanse: ...,£49.71,"
    
    
        In stock
    
"
Without Shame,£48.27,"
    
    
        In stock
    
"
Watchmen,£58.05,"
    
    
        In stock
    
"
Unlimited Intuition Now,£58.87,"
    
    
        In stock
    
"
Underlying Notes,£11.82,"
    
    
        In stock
    
"
The Shack,£28.03,"
    
    
        In stock
    
"
The New Brand You: ...,£44.05,"
    
    
        In stock
    
"
The Moosewood Cookbook: Recipes ...,£12.34,"
    
    
        In stock
    
"
The Flowers Lied,£16.68,"
    
    
        In stock
    
"
The Fabric of the ...,£55.91,"
    
    
        In stock
    
"
The Book of Mormon,£24.57,"
    
    
        In stock
    
"
The Art and Science ...,£52.98,"
    
    
        In stock
    
"
The Alien Club,£54.40,"
    
    
        In stock
    
"
Suzie Snowflake: One beautiful ...,£54.81,"
    
    
        In stock
    
"
Nap-a-Roo,£25.08,"
    
    
        In stock
    
"
NaNo What Now? Finding ...,£10.41,"
    
    
        In stock
    
"
Modern Day Fables,£47.44,"
    
    
        In stock
    
"
If I Gave You ...,£20.91,"
    
    
        In stock
    
"
"Fruits Basket, Vol. 9 ...",£33.95,"
    
    
        In stock
    
"
Dress Your Family in ...,£43.68,"
    
    
        In stock
    
"
Don't Forget Steven,£33.23,"
    
    
        In stock
    
"
Chernobyl 01:23:40: The Incredible ...,£35.92,"
    
    
        In stock
    
"
Art and Fear: Observations ...,£48.63,"
    
    
        In stock
    
"
A Shard of Ice ...,£56.63,"
    
    
        In stock
    
"
A Hero's Curse (The ...,£50.49,"
    
    
        In stock
    
"
23 Degrees South: A ...,£35.79,"
    
    
        In stock
    
"
Zero to One: Notes ...,£34.06,"
    
    
        In stock
    
"
Why Not Me?,£17.76,"
    
    
        In stock
    
"
When Breath Becomes Air,£39.36,"
    
    
        In stock
    
"
Vagabonding: An Uncommon Guide ...,£36.94,"
    
    
        In stock
    
"
The Unlikely Pilgrimage of ...,£43.62,"
    
    
        In stock
    
"
The New Drawing on ...,£43.02,"
    
    
        In stock
    
"
"The Midnight Assassin: Panic, ...",£28.45,"
    
    
        In stock
    
"
The Martian (The Martian ...,£41.39,"
    
    
        In stock
    
"
The High Mountains of ...,£51.15,"
    
    
        In stock
    
"
The Grownup,£35.88,"
    
    
        In stock
    
"
The E-Myth Revisited: Why ...,£36.91,"
    
    
        In stock
    
"
South of Sunshine,£28.93,"
    
    
        In stock
    
"
Smarter Faster Better: The ...,£38.89,"
    
    
        In stock
    
"
Silence in the Dark ...,£58.33,"
    
    
        In stock
    
"
Shadows of the Past ...,£39.67,"
    
    
        In stock
    
"
Roller Girl,£14.10,"
    
    
        In stock
    
"
Rising Strong,£21.82,"
    
    
        In stock
    
"
Proofs of God: Classical ...,£54.21,"
    
    
        In stock
    
"
Please Kill Me: The ...,£31.19,"
    
    
        In stock
    
"
Out of Print: City ...,£53.64,"
    
    
        In stock
    
"
My Life Next Door ...,£36.39,"
    
    
        In stock
    
"
Miller's Valley,£58.54,"
    
    
        In stock
    
"
Man's Search for Meaning,£29.48,"
    
    
        In stock
    
"
Love That Boy: What ...,£25.06,"
    
    
        In stock
    
"
Living Forward: A Proven ...,£12.55,"
    
    
        In stock
    
"
Les Fleurs du Mal,£29.04,"
    
    
        In stock
    
"
Left Behind (Left Behind ...,£40.72,"
    
    
        In stock
    
"
Kill 'Em and Leave: ...,£45.05,"
    
    
        In stock
    
"
Kierkegaard: A Christian Missionary ...,£47.13,"
    
    
        In stock
    
"
John Vassos: Industrial Design ...,£20.22,"
    
    
        In stock
    
"
I'll Give You the ...,£56.48,"
    
    
        In stock
    
"
I Will Find You,£44.21,"
    
    
        In stock
    
"
Hystopia: A Novel,£21.96,"
    
    
        In stock
    
"
Howl and Other Poems,£40.45,"
    
    
        In stock
    
"
History of Beauty,£10.29,"
    
    
        In stock
    
"
Heaven is for Real: ...,£52.86,"
    
    
        In stock
    
"
Future Shock (Future Shock ...,£55.65,"
    
    
        In stock
    
"
Ender's Game (The Ender ...,£43.64,"
    
    
        In stock
    
"
Diary of a Citizen ...,£28.41,"
    
    
        In stock
    
"
Death by Leisure: A ...,£37.51,"
    
    
        In stock
    
"
Brilliant Beacons: A History ...,£11.45,"
    
    
        In stock
    
"
Brazen: The Courage to ...,£19.22,"
    
    
        In stock
    
"
Between the World and ...,£56.91,"
    
    
        In stock
    
"
Being Mortal: Medicine and ...,£55.06,"
    
    
        In stock
    
"
A Murder Over a ...,£13.20,"
    
    
        In stock
    
"
32 Yolks,£53.63,"
    
    
        In stock
    
"
"""Most Blessed of the ...",£44.48,"
    
    
        In stock
    
"
You Are a Badass: ...,£12.08,"
    
    
        In stock
    
"
Wildlife of New York: ...,£22.14,"
    
    
        In stock
    
"
What Happened on Beale ...,£25.37,"
    
    
        In stock
    
"
Unreasonable Hope: Finding Faith ...,£46.33,"
    
    
        In stock
    
"
Under the Tuscan Sun,£37.33,"
    
    
        In stock
    
"
Toddlers Are A**holes: It's ...,£25.55,"
    
    
        In stock
    
"
The Year of Living ...,£34.72,"
    
    
        In stock
    
"
The Whale,£35.96,"
    
    
        In stock
    
"
The Story of Art,£41.14,"
    
    
        In stock
    
"
The Origin of Species,£10.01,"
    
    
        In stock
    
"
The Great Gatsby,£36.05,"
    
    
        In stock
    
"
The Good Girl,£49.03,"
    
    
        In stock
    
"
The Glass Castle,£16.24,"
    
    
        In stock
    
"
The Faith of Christopher ...,£39.55,"
    
    
        In stock
    
"
The Drowning Girls,£35.67,"
    
    
        In stock
    
"
The Constant Princess (The ...,£16.62,"
    
    
        In stock
    
"
The Bourne Identity (Jason ...,£42.78,"
    
    
        In stock
    
"
The Bachelor Girl's Guide ...,£52.30,"
    
    
        In stock
    
"
The Art Book,£32.34,"
    
    
        In stock
    
"
The 7 Habits of ...,£33.17,"
    
    
        In stock
    
"
Team of Rivals: The ...,£20.12,"
    
    
        In stock
    
"
Steal Like an Artist: ...,£20.90,"
    
    
        In stock
    
"
"Sit, Stay, Love",£20.90,"
    
    
        In stock
    
"
Sister Dear,£40.20,"
    
    
        In stock
    
"
"Shrunken Treasures: Literary Classics, ...",£52.87,"
    
    
        In stock
    
"
"Rich Dad, Poor Dad",£51.74,"
    
    
        In stock
    
"
Raymie Nightingale,£34.41,"
    
    
        In stock
    
"
Playing from the Heart,£32.38,"
    
    
        In stock
    
"
Nightstruck: A Novel,£50.35,"
    
    
        In stock
    
"
Naturally Lean: 125 Nourishing ...,£11.38,"
    
    
        In stock
    
"
Meternity,£43.58,"
    
    
        In stock
    
"
Memoirs of a Geisha,£49.67,"
    
    
        In stock
    
"
Like Never Before (Walker ...,£28.77,"
    
    
        In stock
    
"
Life of Pi,£13.22,"
    
    
        In stock
    
"
Leave This Song Behind: ...,£51.17,"
    
    
        In stock
    
"
King's Folly (The Kinsman ...,£39.61,"
    
    
        In stock
    
"
John Adams,£57.43,"
    
    
        In stock
    
"
How to Cook Everything ...,£46.01,"
    
    
        In stock
    
"
How to Be a ...,£28.25,"
    
    
        In stock
    
"
Good in Bed (Cannie ...,£37.05,"
    
    
        In stock
    
"
"Fruits Basket, Vol. 7 ...",£19.57,"
    
    
        In stock
    
"
For the Love: Fighting ...,£45.13,"
    
    
        In stock
    
"
Finding God in the ...,£46.64,"
    
    
        In stock
    
"
Every Heart a Doorway ...,£12.16,"
    
    
        In stock
    
"
Delivering the Truth (Quaker ...,£20.89,"
    
    
        In stock
    
"
Counted With the Stars ...,£17.97,"
    
    
        In stock
    
"
"Chronicles, Vol. 1",£52.60,"
    
    
        In stock
    
"
Blue Like Jazz: Nonreligious ...,£25.77,"
    
    
        In stock
    
"
Benjamin Franklin: An American ...,£48.19,"
    
    
        In stock
    
"
At The Existentialist Café: ...,£29.93,"
    
    
        In stock
    
"
A Summer In Europe,£44.34,"
    
    
        In stock
    
"
A Short History of ...,£52.40,"
    
    
        In stock
    
"
A Gathering of Shadows ...,£44.81,"
    
    
        In stock
    
"
The Sound Of Love,£57.84,"
    
    
        In stock
    
"
The Rise and Fall ...,£39.67,"
    
    
        In stock
    
"
The Perks of Being ...,£55.02,"
    
    
        In stock
    
"
The Mysterious Affair at ...,£24.80,"
    
    
        In stock
    
"
The Man Who Mistook ...,£59.45,"
    
    
        In stock
    
"
The Makings of a ...,£31.58,"
    
    
        In stock
    
"
The Joy of Cooking,£43.27,"
    
    
        In stock
    
"
The Invention of Wings,£37.34,"
    
    
        In stock
    
"
The Hobbit (Middle-Earth Universe),£17.80,"
    
    
        In stock
    
"
The Great Railway Bazaar,£30.54,"
    
    
        In stock
    
"
The Golden Compass (His ...,£18.77,"
    
    
        In stock
    
"
The God Delusion,£46.85,"
    
    
        In stock
    
"
The Girl You Left ...,£15.79,"
    
    
        In stock
    
"
The Fellowship of the ...,£10.27,"
    
    
        In stock
    
"
The Collected Poems of ...,£15.42,"
    
    
        In stock
    
"
The Barefoot Contessa Cookbook,£59.92,"
    
    
        In stock
    
"
Tell the Wolves I'm ...,£50.96,"
    
    
        In stock
    
"
Ship Leaves Harbor: Essays ...,£30.60,"
    
    
        In stock
    
"
Pride and Prejudice,£19.27,"
    
    
        In stock
    
"
Musicophilia: Tales of Music ...,£46.58,"
    
    
        In stock
    
"
Mere Christianity,£48.51,"
    
    
        In stock
    
"
Me Before You (Me ...,£19.02,"
    
    
        In stock
    
"
In the Woods (Dublin ...,£38.38,"
    
    
        In stock
    
"
In Cold Blood,£49.98,"
    
    
        In stock
    
"
How to Stop Worrying ...,£46.49,"
    
    
        In stock
    
"
Give It Back,£18.32,"
    
    
        In stock
    
"
"Girl, Interrupted",£42.14,"
    
    
        In stock
    
"
Fun Home: A Family ...,£56.59,"
    
    
        In stock
    
"
"Fruits Basket, Vol. 6 ...",£20.96,"
    
    
        In stock
    
"
Deception Point,£40.32,"
    
    
        In stock
    
"
"Death Note, Vol. 6: ...",£36.39,"
    
    
        In stock
    
"
Catherine the Great: Portrait ...,£58.55,"
    
    
        In stock
    
"
Better Homes and Gardens ...,£39.61,"
    
    
        In stock
    
"
An Unquiet Mind: A ...,£21.30,"
    
    
        In stock
    
"
A Year in Provence ...,£56.88,"
    
    
        In stock
    
"
World Without End (The ...,£32.97,"
    
    
        In stock
    
"
"Will Grayson, Will Grayson ...",£47.31,"
    
    
        In stock
    
"
Why Save the Bankers?: ...,£48.67,"
    
    
        In stock
    
"
Where She Went (If ...,£41.73,"
    
    
        In stock
    
"
What If?: Serious Scientific ...,£53.68,"
    
    
        In stock
    
"
Two Summers,£14.64,"
    
    
        In stock
    
"
This Is Your Brain ...,£38.40,"
    
    
        In stock
    
"
The Secret Garden,£15.08,"
    
    
        In stock
    
"
The Raven King (The ...,£30.57,"
    
    
        In stock
    
"
The Raven Boys (The ...,£57.74,"
    
    
        In stock
    
"
The Power Greens Cookbook: ...,£11.05,"
    
    
        In stock
    
"
The Metamorphosis,£28.58,"
    
    
        In stock
    
"
The Mathews Men: Seven ...,£42.91,"
    
    
        In stock
    
"
The Little Paris Bookshop,£24.73,"
    
    
        In stock
    
"
The Hiding Place,£55.91,"
    
    
        In stock
    
"
The Grand Design,£13.76,"
    
    
        In stock
    
"
The Firm,£45.56,"
    
    
        In stock
    
"
The Fault in Our ...,£47.22,"
    
    
        In stock
    
"
The False Prince (The ...,£56.00,"
    
    
        In stock
    
"
The Expatriates,£44.58,"
    
    
        In stock
    
"
The Dream Thieves (The ...,£34.50,"
    
    
        In stock
    
"
The Darkest Corners,£11.33,"
    
    
        In stock
    
"
The Crossover,£38.77,"
    
    
        In stock
    
"
The 5th Wave (The ...,£11.83,"
    
    
        In stock
    
"
Tell the Wind and ...,£45.51,"
    
    
        In stock
    
"
Tell Me Three Things,£41.81,"
    
    
        In stock
    
"
Talking to Girls About ...,£25.15,"
    
    
        In stock
    
"
Siddhartha,£34.22,"
    
    
        In stock
    
"
Shiver (The Wolves of ...,£16.23,"
    
    
        In stock
    
"
Remember Me?,£11.48,"
    
    
        In stock
    
"
Red Dragon (Hannibal Lecter ...,£23.37,"
    
    
        In stock
    
"
Peak: Secrets from the ...,£16.28,"
    
    
        In stock
    
"
My Mother Was Nuts,£31.63,"
    
    
        In stock
    
"
Mexican Today: New and ...,£24.91,"
    
    
        In stock
    
"
Maybe Something Beautiful: How ...,£22.54,"
    
    
        In stock
    
"
Lola and the Boy ...,£23.63,"
    
    
        In stock
    
"
Logan Kade (Fallen Crest ...,£13.12,"
    
    
        In stock
    
"
Last One Home (New ...,£59.98,"
    
    
        In stock
    
"
Killing Floor (Jack Reacher ...,£31.49,"
    
    
        In stock
    
"
Kill the Boy Band,£15.52,"
    
    
        In stock
    
"
Isla and the Happily ...,£48.13,"
    
    
        In stock
    
"
If I Stay (If ...,£38.13,"
    
    
        In stock
    
"
I Know Why the ...,£36.55,"
    
    
        In stock
    
"
Harry Potter and the ...,£23.32,"
    
    
        In stock
    
"
"Fruits Basket, Vol. 5 ...",£16.33,"
    
    
        In stock
    
"
Foundation (Foundation (Publication Order) ...,£32.42,"
    
    
        In stock
    
"
Fool Me Once,£16.96,"
    
    
        In stock
    
"
Find Her (Detective D.D. ...,£22.37,"
    
    
        In stock
    
"
Evicted: Poverty and Profit ...,£42.27,"
    
    
        In stock
    
"
Drama,£38.70,"
    
    
        In stock
    
"
Dracula the Un-Dead,£35.63,"
    
    
        In stock
    
"
Digital Fortress,£58.00,"
    
    
        In stock
    
"
"Death Note, Vol. 5: ...",£52.41,"
    
    
        In stock
    
"
"Data, A Love Story: ...",£32.35,"
    
    
        In stock
    
"
Critique of Pure Reason,£20.75,"
    
    
        In stock
    
"
Booked,£17.49,"
    
    
        In stock
    
"
"Blue Lily, Lily Blue ...",£34.13,"
    
    
        In stock
    
"
Approval Junkie: Adventures in ...,£58.81,"
    
    
        In stock
    
"
An Abundance of Katherines,£10.00,"
    
    
        In stock
    
"
America's War for the ...,£51.22,"
    
    
        In stock
    
"
Alight (The Generations Trilogy ...,£58.59,"
    
    
        In stock
    
"
A Girl's Guide to ...,£31.30,"
    
    
        In stock
    
"
A Game of Thrones ...,£46.42,"
    
    
        In stock
    
"
A Feast for Crows ...,£17.21,"
    
    
        In stock
    
"
A Clash of Kings ...,£10.79,"
    
    
        In stock
    
"
Vogue Colors A to ...,£52.35,"
    
    
        In stock
    
"
The Shining (The Shining ...,£27.88,"
    
    
        In stock
    
"
The Pilgrim's Progress,£50.26,"
    
    
        In stock
    
"
The Perfect Play (Play ...,£59.99,"
    
    
        In stock
    
"
The Passion of Dolssa,£28.32,"
    
    
        In stock
    
"
The Jazz of Physics: ...,£38.71,"
    
    
        In stock
    
"
The Hunger Games (The ...,£29.85,"
    
    
        In stock
    
"
The Hound of the ...,£14.82,"
    
    
        In stock
    
"
The Gunning of America: ...,£16.81,"
    
    
        In stock
    
"
The Geography of Bliss: ...,£28.23,"
    
    
        In stock
    
"
The Demonists (Demonist #1),£52.11,"
    
    
        In stock
    
"
The Demon Prince of ...,£27.88,"
    
    
        In stock
    
"
The Bone Hunters (Lexy ...,£59.71,"
    
    
        In stock
    
"
The Beast (Black Dagger ...,£46.08,"
    
    
        In stock
    
"
Some Women,£13.73,"
    
    
        In stock
    
"
Shopaholic Ties the Knot ...,£48.39,"
    
    
        In stock
    
"
Paper and Fire (The ...,£49.45,"
    
    
        In stock
    
"
Outlander (Outlander #1),£19.67,"
    
    
        In stock
    
"
Orchestra of Exiles: The ...,£12.36,"
    
    
        In stock
    
"
No One Here Gets ...,£20.02,"
    
    
        In stock
    
"
Night Shift (Night Shift ...,£12.75,"
    
    
        In stock
    
"
Needful Things,£47.51,"
    
    
        In stock
    
"
Mockingjay (The Hunger Games ...,£20.44,"
    
    
        In stock
    
"
Misery,£34.79,"
    
    
        In stock
    
"
Little Women (Little Women ...,£28.07,"
    
    
        In stock
    
"
It,£25.01,"
    
    
        In stock
    
"
Harry Potter and the ...,£13.90,"
    
    
        In stock
    
"
Harry Potter and the ...,£24.17,"
    
    
        In stock
    
"
Harry Potter and the ...,£31.63,"
    
    
        In stock
    
"
Harry Potter and the ...,£48.75,"
    
    
        In stock
    
"
Harry Potter and the ...,£14.74,"
    
    
        In stock
    
"
Gone with the Wind,£32.49,"
    
    
        In stock
    
"
God Is Not Great: ...,£27.80,"
    
    
        In stock
    
"
Girl With a Pearl ...,£26.77,"
    
    
        In stock
    
"
"Fruits Basket, Vol. 4 ...",£50.44,"
    
    
        In stock
    
"
Far From True (Promise ...,£34.93,"
    
    
        In stock
    
"
Dark Lover (Black Dagger ...,£12.87,"
    
    
        In stock
    
"
Confessions of a Shopaholic ...,£48.94,"
    
    
        In stock
    
"
Changing the Game (Play ...,£13.38,"
    
    
        In stock
    
"
Candide,£58.63,"
    
    
        In stock
    
"
Can You Keep a ...,£21.94,"
    
    
        In stock
    
"
Atlas Shrugged,£26.58,"
    
    
        In stock
    
"
Animal Farm,£57.22,"
    
    
        In stock
    
"
A Walk to Remember,£56.43,"
    
    
        In stock
    
"
A New Earth: Awakening ...,£55.65,"
    
    
        In stock
    
"
A History of God: ...,£27.62,"
    
    
        In stock
    
"
'Salem's Lot,£49.56,"
    
    
        In stock
    
"
Zero History (Blue Ant ...,£34.77,"
    
    
        In stock
    
"
Wuthering Heights,£17.73,"
    
    
        In stock
    
"
World War Z: An ...,£21.80,"
    
    
        In stock
    
"
Wild: From Lost to ...,£46.02,"
    
    
        In stock
    
"
"Where'd You Go, Bernadette",£18.13,"
    
    
        In stock
    
"
When You Are Engulfed ...,£30.89,"
    
    
        In stock
    
"
We the People: The ...,£31.95,"
    
    
        In stock
    
"
We Are All Completely ...,£24.04,"
    
    
        In stock
    
"
Walk the Edge (Thunder ...,£32.36,"
    
    
        In stock
    
"
Voyager (Outlander #3),£21.07,"
    
    
        In stock
    
"
Very Good Lives: The ...,£50.66,"
    
    
        In stock
    
"
Vegan Vegetarian Omnivore: Dinner ...,£13.66,"
    
    
        In stock
    
"
"Unstuffed: Decluttering Your Home, ...",£58.09,"
    
    
        In stock
    
"
Under the Banner of ...,£30.00,"
    
    
        In stock
    
"
Two Boys Kissing,£32.74,"
    
    
        In stock
    
"
Twilight (Twilight #1),£41.93,"
    
    
        In stock
    
"
Twenties Girl,£42.80,"
    
    
        In stock
    
"
Trespassing Across America: One ...,£53.51,"
    
    
        In stock
    
"
Three-Martini Lunch,£23.21,"
    
    
        In stock
    
"
"Thinking, Fast and Slow",£21.14,"
    
    
        In stock
    
"
The Wild Robot,£56.07,"
    
    
        In stock
    
"
The Wicked + The ...,£14.41,"
    
    
        In stock
    
"
The Undomestic Goddess,£45.75,"
    
    
        In stock
    
"
The Travelers,£15.77,"
    
    
        In stock
    
"
The Tipping Point: How ...,£10.02,"
    
    
        In stock
    
"
The Thing About Jellyfish,£48.77,"
    
    
        In stock
    
"
The Stand,£57.86,"
    
    
        In stock
    
"
The Smitten Kitchen Cookbook,£23.59,"
    
    
        In stock
    
"
The Silkworm (Cormoran Strike ...,£23.05,"
    
    
        In stock
    
"
"The Sandman, Vol. 3: ...",£55.55,"
    
    
        In stock
    
"
The Rose & the ...,£58.64,"
    
    
        In stock
    
"
The Road to Little ...,£23.21,"
    
    
        In stock
    
"
The Rise of Theodore ...,£42.57,"
    
    
        In stock
    
"
The Restaurant at the ...,£10.92,"
    
    
        In stock
    
"
The Rest Is Noise: ...,£34.77,"
    
    
        In stock
    
"
The Red Tent,£35.66,"
    
    
        In stock
    
"
The Purpose Driven Life: ...,£37.19,"
    
    
        In stock
    
"
The Purest Hook (Second ...,£12.25,"
    
    
        In stock
    
"
The Picture of Dorian ...,£29.70,"
    
    
        In stock
    
"
The Paris Wife,£36.80,"
    
    
        In stock
    
"
The Obsession,£45.43,"
    
    
        In stock
    
"
The Nightingale,£26.26,"
    
    
        In stock
    
"
The New Guy (and ...,£44.92,"
    
    
        In stock
    
"
The Nanny Diaries (Nanny ...,£52.53,"
    
    
        In stock
    
"
The Name of God ...,£37.25,"
    
    
        In stock
    
"
The Maze Runner (The ...,£20.93,"
    
    
        In stock
    
"
The Lover's Dictionary,£58.09,"
    
    
        In stock
    
"
The Lonely Ones,£43.59,"
    
    
        In stock
    
"
The Lean Startup: How ...,£33.92,"
    
    
        In stock
    
"
The Last Painting of ...,£55.55,"
    
    
        In stock
    
"
"The Land of 10,000 ...",£29.64,"
    
    
        In stock
    
"
The Infinities,£27.41,"
    
    
        In stock
    
"
The Husband's Secret,£52.51,"
    
    
        In stock
    
"
The Hitchhiker's Guide to ...,£47.80,"
    
    
        In stock
    
"
The Guns of August,£14.54,"
    
    
        In stock
    
"
The Guernsey Literary and ...,£49.53,"
    
    
        In stock
    
"
The Goldfinch,£43.58,"
    
    
        In stock
    
"
The Giver (The Giver ...,£12.30,"
    
    
        In stock
    
"
The Girl with All ...,£49.47,"
    
    
        In stock
    
"
The Girl Who Played ...,£22.14,"
    
    
        In stock
    
"
The Girl Who Kicked ...,£57.48,"
    
    
        In stock
    
"
The Exiled,£43.45,"
    
    
        In stock
    
"
The End of Faith: ...,£22.13,"
    
    
        In stock
    
"
"The Elegant Universe: Superstrings, ...",£13.03,"
    
    
        In stock
    
"
The Disappearing Spoon: And ...,£57.35,"
    
    
        In stock
    
"
The Devil Wears Prada ...,£44.29,"
    
    
        In stock
    
"
The Demon-Haunted World: Science ...,£52.25,"
    
    
        In stock
    
"
The Day the Crayons ...,£26.33,"
    
    
        In stock
    
"
The Da Vinci Code ...,£22.96,"
    
    
        In stock
    
"
The Cuckoo's Calling (Cormoran ...,£19.21,"
    
    
        In stock
    
"
The Complete Stories and ...,£26.78,"
    
    
        In stock
    
"
The Complete Poems,£41.32,"
    
    
        In stock
    
"
The Catcher in the ...,£24.55,"
    
    
        In stock
    
"
The Cat in the ...,£16.26,"
    
    
        In stock
    
"
The Case for Christ ...,£47.84,"
    
    
        In stock
    
"
The Book Thief,£53.49,"
    
    
        In stock
    
"
The Book of Basketball: ...,£44.84,"
    
    
        In stock
    
"
The Blind Side: Evolution ...,£53.71,"
    
    
        In stock
    
"
The Autobiography of Malcolm ...,£23.43,"
    
    
        In stock
    
"
The Art of Simple ...,£34.32,"
    
    
        In stock
    
"
The Art of Fielding,£22.10,"
    
    
        In stock
    
"
"Surely You're Joking, Mr. ...",£25.83,"
    
    
        In stock
    
"
Stiff: The Curious Lives ...,£36.74,"
    
    
        In stock
    
"
Spilled Milk: Based on ...,£49.51,"
    
    
        In stock
    
"
Something Borrowed (Darcy & ...,£48.96,"
    
    
        In stock
    
"
Something Blue (Darcy & ...,£54.62,"
    
    
        In stock
    
"
Soldier (Talon #3),£24.72,"
    
    
        In stock
    
"
Shopaholic & Baby (Shopaholic ...,£46.45,"
    
    
        In stock
    
"
Seven Days in the ...,£52.33,"
    
    
        In stock
    
"
Seven Brief Lessons on ...,£30.60,"
    
    
        In stock
    
"
Scarlet (The Lunar Chronicles ...,£14.57,"
    
    
        In stock
    
"
Sarah's Key,£46.29,"
    
    
        In stock
    
"
"Saga, Volume 3 (Saga ...",£21.57,"
    
    
        In stock
    
"
Running with Scissors,£12.91,"
    
    
        In stock
    
"
Rogue Lawyer (Rogue Lawyer ...,£50.11,"
    
    
        In stock
    
"
Rise of the Rocket ...,£41.67,"
    
    
        In stock
    
"
Rework,£44.88,"
    
    
        In stock
    
"
Reservations for Two,£11.10,"
    
    
        In stock
    
"
Red: The True Story ...,£28.54,"
    
    
        In stock
    
"
Ready Player One,£19.07,"
    
    
        In stock
    
"
Quiet: The Power of ...,£43.55,"
    
    
        In stock
    
"
Prodigy: The Graphic Novel ...,£43.63,"
    
    
        In stock
    
"
Persepolis: The Story of ...,£39.13,"
    
    
        In stock
    
"
Packing for Mars: The ...,£56.68,"
    
    
        In stock
    
"
Outliers: The Story of ...,£14.16,"
    
    
        In stock
    
"
Original Fake,£31.45,"
    
    
        In stock
    
"
Orange Is the New ...,£24.61,"
    
    
        In stock
    
"
One for the Money ...,£32.87,"
    
    
        In stock
    
"
Notes from a Small ...,£40.17,"
    
    
        In stock
    
"
Night (The Night Trilogy ...,£13.51,"
    
    
        In stock
    
"
Neither Here nor There: ...,£38.95,"
    
    
        In stock
    
"
Naked,£31.69,"
    
    
        In stock
    
"
Morning Star (Red Rising ...,£29.40,"
    
    
        In stock
    
"
Miracles from Heaven: A ...,£57.83,"
    
    
        In stock
    
"
Midnight Riot (Peter Grant/ ...,£55.46,"
    
    
        In stock
    
"
Me Talk Pretty One ...,£57.60,"
    
    
        In stock
    
"
Manuscript Found in Accra,£34.98,"
    
    
        In stock
    
"
Lust & Wonder,£11.87,"
    
    
        In stock
    
"
Lila (Gilead #3),£12.47,"
    
    
        In stock
    
"
"Life, the Universe and ...",£33.26,"
    
    
        In stock
    
"
Life Without a Recipe,£59.04,"
    
    
        In stock
    
"
Life After Life,£26.13,"
    
    
        In stock
    
"
Letter to a Christian ...,£22.20,"
    
    
        In stock
    
"
Let's Pretend This Never ...,£45.11,"
    
    
        In stock
    
"
Legend (Legend #1),£43.69,"
    
    
        In stock
    
"
"Lean In: Women, Work, ...",£25.02,"
    
    
        In stock
    
"
Lamb: The Gospel According ...,£55.50,"
    
    
        In stock
    
"
Lady Renegades (Rebel Belle ...,£53.04,"
    
    
        In stock
    
"
Jurassic Park (Jurassic Park ...,£44.97,"
    
    
        In stock
    
"
It's Never Too Late ...,£42.38,"
    
    
        In stock
    
"
Is Everyone Hanging Out ...,£20.11,"
    
    
        In stock
    
"
Into the Wild,£56.70,"
    
    
        In stock
    
"
Inferno (Robert Langdon #4),£41.00,"
    
    
        In stock
    
"
In the Garden of ...,£28.85,"
    
    
        In stock
    
"
If I Run (If ...,£49.97,"
    
    
        In stock
    
"
I've Got Your Number,£19.69,"
    
    
        In stock
    
"
I Am Malala: The ...,£28.88,"
    
    
        In stock
    
"
Hungry Girl Clean & ...,£33.14,"
    
    
        In stock
    
"
House of Lost Worlds: ...,£43.70,"
    
    
        In stock
    
"
House of Leaves,£54.89,"
    
    
        In stock
    
"
Horrible Bear!,£37.52,"
    
    
        In stock
    
"
Holidays on Ice,£51.07,"
    
    
        In stock
    
"
Heir to the Sky,£44.07,"
    
    
        In stock
    
"
Green Eggs and Ham ...,£10.79,"
    
    
        In stock
    
"
"Grayson, Vol 3: Nemesis ...",£42.72,"
    
    
        In stock
    
"
Gratitude,£26.66,"
    
    
        In stock
    
"
Gone Girl,£37.60,"
    
    
        In stock
    
"
Golden (Heart of Dread ...,£42.21,"
    
    
        In stock
    
"
Girl in the Blue ...,£46.83,"
    
    
        In stock
    
"
"Fruits Basket, Vol. 3 ...",£45.17,"
    
    
        In stock
    
"
Friday Night Lights: A ...,£51.22,"
    
    
        In stock
    
"
Fire Bound (Sea Haven/Sisters ...,£21.28,"
    
    
        In stock
    
"
Fifty Shades Freed (Fifty ...,£15.36,"
    
    
        In stock
    
"
Fellside,£38.62,"
    
    
        In stock
    
"
Extreme Prey (Lucas Davenport ...,£25.40,"
    
    
        In stock
    
"
Eragon (The Inheritance Cycle ...,£43.87,"
    
    
        In stock
    
"
Eclipse (Twilight #3),£18.74,"
    
    
        In stock
    
"
Dune (Dune #1),£54.86,"
    
    
        In stock
    
"
Dracula,£52.62,"
    
    
        In stock
    
"
Do Androids Dream of ...,£51.48,"
    
    
        In stock
    
"
Disrupted: My Misadventure in ...,£15.28,"
    
    
        In stock
    
"
Dead Wake: The Last ...,£39.24,"
    
    
        In stock
    
"
"David and Goliath: Underdogs, ...",£17.81,"
    
    
        In stock
    
"
Darkfever (Fever #1),£56.02,"
    
    
        In stock
    
"
Dark Places,£23.90,"
    
    
        In stock
    
"
Crazy Rich Asians (Crazy ...,£49.13,"
    
    
        In stock
    
"
Counting Thyme,£10.62,"
    
    
        In stock
    
"
Cosmos,£36.17,"
    
    
        In stock
    
"
Civilization and Its Discontents,£59.95,"
    
    
        In stock
    
"
Cinder (The Lunar Chronicles ...,£26.09,"
    
    
        In stock
    
"
Catastrophic Happiness: Finding Joy ...,£37.35,"
    
    
        In stock
    
"
Career of Evil (Cormoran ...,£24.72,"
    
    
        In stock
    
"
Breaking Dawn (Twilight #4),£35.28,"
    
    
        In stock
    
"
Brave Enough,£51.32,"
    
    
        In stock
    
"
Boy Meets Boy,£21.12,"
    
    
        In stock
    
"
Born to Run: A ...,£27.35,"
    
    
        In stock
    
"
Blink: The Power of ...,£21.74,"
    
    
        In stock
    
"
Black Flags: The Rise ...,£40.87,"
    
    
        In stock
    
"
"Black Butler, Vol. 1 ...",£49.31,"
    
    
        In stock
    
"
Big Little Lies,£22.11,"
    
    
        In stock
    
"
Between Shades of Gray,£20.79,"
    
    
        In stock
    
"
Best of My Love ...,£27.41,"
    
    
        In stock
    
"
Beowulf,£38.35,"
    
    
        In stock
    
"
Beautiful Creatures (Caster Chronicles ...,£21.55,"
    
    
        In stock
    
"
Awkward,£38.02,"
    
    
        In stock
    
"
Ash,£22.06,"
    
    
        In stock
    
"
Are We There Yet?,£10.66,"
    
    
        In stock
    
"
Are We Smart Enough ...,£56.58,"
    
    
        In stock
    
"
Annie on My Mind,£36.83,"
    
    
        In stock
    
"
And Then There Were ...,£35.01,"
    
    
        In stock
    
"
A Walk in the ...,£30.48,"
    
    
        In stock
    
"
A Visit from the ...,£14.08,"
    
    
        In stock
    
"
A Storm of Swords ...,£31.22,"
    
    
        In stock
    
"
A Heartbreaking Work of ...,£54.29,"
    
    
        In stock
    
"
8 Keys to Mental ...,£31.04,"
    
    
        In stock
    
"
#GIRLBOSS,£50.96,"
    
    
        In stock
    
"
The Suffragettes (Little Black ...,£11.89,"
    
    
        In stock
    
"
The Sense of an ...,£31.38,"
    
    
        In stock
    
"
"The Sandman, Vol. 2: ...",£54.81,"
    
    
        In stock
    
"
The Course of Love,£16.78,"
    
    
        In stock
    
"
Sugar Rush (Offensive Line ...,£24.42,"
    
    
        In stock
    
"
"Saga, Volume 2 (Saga ...",£11.75,"
    
    
        In stock
    
"
"Run, Spot, Run: The ...",£20.02,"
    
    
        In stock
    
"
New Moon (Twilight #2),£12.86,"
    
    
        In stock
    
"
Life,£31.58,"
    
    
        In stock
    
"
Kindle Paperwhite User's Guide,£34.00,"
    
    
        In stock
    
"
H is for Hawk,£57.42,"
    
    
        In stock
    
"
Girl Online On Tour ...,£53.47,"
    
    
        In stock
    
"
"Fruits Basket, Vol. 2 ...",£11.64,"
    
    
        In stock
    
"
Diary of a Minecraft ...,£52.88,"
    
    
        In stock
    
"
"Y: The Last Man, ...",£18.51,"
    
    
        In stock
    
"
While You Were Mine,£41.32,"
    
    
        In stock
    
"
Where Lightning Strikes (Bleeding ...,£39.77,"
    
    
        In stock
    
"
When I'm Gone,£51.96,"
    
    
        In stock
    
"
Ways of Seeing,£39.51,"
    
    
        In stock
    
"
"Vampire Knight, Vol. 1 ...",£15.40,"
    
    
        In stock
    
"
Vampire Girl (Vampire Girl ...,£53.82,"
    
    
        In stock
    
"
Twenty Love Poems and ...,£30.95,"
    
    
        In stock
    
"
Travels with Charley: In ...,£57.82,"
    
    
        In stock
    
"
Three Wishes (River of ...,£44.18,"
    
    
        In stock
    
"
This One Moment (Pushing ...,£48.71,"
    
    
        In stock
    
"
The Zombie Room,£19.69,"
    
    
        In stock
    
"
The Wicked + The ...,£36.52,"
    
    
        In stock
    
"
The Tumor,£41.56,"
    
    
        In stock
    
"
The Story of Hong ...,£43.19,"
    
    
        In stock
    
"
The Silent Wife,£12.34,"
    
    
        In stock
    
"
The Silent Twin (Detective ...,£36.25,"
    
    
        In stock
    
"
The Selfish Gene,£29.45,"
    
    
        In stock
    
"
The Secret Healer,£34.56,"
    
    
        In stock
    
"
"The Sandman, Vol. 1: ...",£54.12,"
    
    
        In stock
    
"
The Republic,£33.78,"
    
    
        In stock
    
"
The Odyssey,£29.64,"
    
    
        In stock
    
"
The No. 1 Ladies' ...,£57.70,"
    
    
        In stock
    
"
The Nicomachean Ethics,£36.34,"
    
    
        In stock
    
"
The Name of the ...,£50.59,"
    
    
        In stock
    
"
The Mirror & the ...,£29.38,"
    
    
        In stock
    
"
The Little Prince,£45.42,"
    
    
        In stock
    
"
The Light of the ...,£54.43,"
    
    
        In stock
    
"
The Last Girl (The ...,£36.26,"
    
    
        In stock
    
"
The Iliad,£16.16,"
    
    
        In stock
    
"
The Hook Up (Game ...,£36.29,"
    
    
        In stock
    
"
The Haters,£27.89,"
    
    
        In stock
    
"
The Girl You Lost,£12.29,"
    
    
        In stock
    
"
The Girl In The ...,£15.85,"
    
    
        In stock
    
"
The End of the ...,£14.40,"
    
    
        In stock
    
"
The Edge of Reason ...,£19.18,"
    
    
        In stock
    
"
The Complete Maus (Maus ...,£10.64,"
    
    
        In stock
    
"
The Communist Manifesto,£14.76,"
    
    
        In stock
    
"
The Bhagavad Gita,£57.49,"
    
    
        In stock
    
"
The Bette Davis Club,£30.66,"
    
    
        In stock
    
"
The Art of Not ...,£40.83,"
    
    
        In stock
    
"
Taking Shots (Assassins #1),£18.88,"
    
    
        In stock
    
"
Starlark,£25.83,"
    
    
        In stock
    
"
"Skip Beat!, Vol. 01 ...",£42.12,"
    
    
        In stock
    
"
Sister Sable (The Mad ...,£13.33,"
    
    
        In stock
    
"
Shatter Me (Shatter Me ...,£42.40,"
    
    
        In stock
    
"
Shameless,£58.35,"
    
    
        In stock
    
"
Shadow Rites (Jane Yellowrock ...,£21.72,"
    
    
        In stock
    
"
Settling the Score (The ...,£44.91,"
    
    
        In stock
    
"
Sense and Sensibility,£37.46,"
    
    
        In stock
    
"
"Saga, Volume 1 (Saga ...",£28.48,"
    
    
        In stock
    
"
"Rhythm, Chord & Malykhin",£28.34,"
    
    
        In stock
    
"
"Rat Queens, Vol. 1: ...",£46.96,"
    
    
        In stock
    
"
Paradise Lost (Paradise #1),£24.96,"
    
    
        In stock
    
"
"Paper Girls, Vol. 1 ...",£21.71,"
    
    
        In stock
    
"
Ouran High School Host ...,£29.87,"
    
    
        In stock
    
"
Origins (Alphas 0.5),£28.99,"
    
    
        In stock
    
"
One Second (Seven #7),£52.94,"
    
    
        In stock
    
"
On the Road (Duluoz ...,£32.36,"
    
    
        In stock
    
"
Old Records Never Die: ...,£55.66,"
    
    
        In stock
    
"
Off Sides (Off #1),£39.45,"
    
    
        In stock
    
"
Of Mice and Men,£47.11,"
    
    
        In stock
    
"
Myriad (Prentor #1),£58.75,"
    
    
        In stock
    
"
My Perfect Mistake (Over ...,£38.92,"
    
    
        In stock
    
"
"Ms. Marvel, Vol. 1: ...",£39.39,"
    
    
        In stock
    
"
Meditations,£25.89,"
    
    
        In stock
    
"
Matilda,£28.34,"
    
    
        In stock
    
"
Lost Among the Living,£27.70,"
    
    
        In stock
    
"
Lord of the Flies,£24.89,"
    
    
        In stock
    
"
Listen to Me (Fusion ...,£58.99,"
    
    
        In stock
    
"
Kitchens of the Great ...,£57.20,"
    
    
        In stock
    
"
Jane Eyre,£38.43,"
    
    
        In stock
    
"
Imperfect Harmony,£34.74,"
    
    
        In stock
    
"
Icing (Aces Hockey #2),£40.44,"
    
    
        In stock
    
"
"Hawkeye, Vol. 1: My ...",£45.24,"
    
    
        In stock
    
"
Having the Barbarian's Baby ...,£34.96,"
    
    
        In stock
    
"
"Giant Days, Vol. 1 ...",£56.76,"
    
    
        In stock
    
"
"Fruits Basket, Vol. 1 ...",£40.28,"
    
    
        In stock
    
"
Frankenstein,£38.00,"
    
    
        In stock
    
"
Forever Rockers (The Rocker ...,£28.80,"
    
    
        In stock
    
"
Fighting Fate (Fighting #6),£39.24,"
    
    
        In stock
    
"
Emma,£32.93,"
    
    
        In stock
    
"
"Eat, Pray, Love",£51.32,"
    
    
        In stock
    
"
Deep Under (Walker Security ...,£47.09,"
    
    
        In stock
    
"
Choosing Our Religion: The ...,£28.42,"
    
    
        In stock
    
"
Charlie and the Chocolate ...,£22.85,"
    
    
        In stock
    
"
Charity's Cross (Charles Towne ...,£41.24,"
    
    
        In stock
    
"
Bright Lines,£39.07,"
    
    
        In stock
    
"
Bridget Jones's Diary (Bridget ...,£29.82,"
    
    
        In stock
    
"
Bounty (Colorado Mountain #7),£37.26,"
    
    
        In stock
    
"
Blood Defense (Samantha Brinkman ...,£20.30,"
    
    
        In stock
    
"
"Bleach, Vol. 1: Strawberry ...",£34.65,"
    
    
        In stock
    
"
Beyond Good and Evil,£43.38,"
    
    
        In stock
    
"
Alice in Wonderland (Alice's ...,£55.53,"
    
    
        In stock
    
"
"Ajin: Demi-Human, Volume 1 ...",£57.06,"
    
    
        In stock
    
"
A Spy's Devotion (The ...,£16.97,"
    
    
        In stock
    
"
1st to Die (Women's ...,£53.98,"
    
    
        In stock
    
"
"1,000 Places to See ...",£26.08,"
    
    
        In stock
    
"
